{
  "episodes": 50,
  "seed": 42,
  "baseline_avg_reward": -9.2129,
  "trained_avg_reward": 5.0144,
  "improvement": 14.2272,
  "baseline_violations": 1.34,
  "trained_violations": 0.0,
  "baseline_completion_rate": 0.0,
  "trained_completion_rate": 100.0,
  "violation_improvement": 1.34,
  "completion_improvement": 100.0,
  "baseline_rewards": [
    -10.092500000000001,
    -10.565999999999999,
    -6.8405000000000005,
    -10.092500000000001,
    -10.565999999999999,
    -6.8405000000000005,
    -10.092500000000001,
    -10.565999999999999,
    -6.8405000000000005,
    -10.092500000000001,
    -10.565999999999999,
    -6.8405000000000005,
    -10.092500000000001,
    -10.565999999999999,
    -6.8405000000000005,
    -10.092500000000001,
    -10.565999999999999,
    -6.8405000000000005,
    -10.092500000000001,
    -10.565999999999999,
    -6.8405000000000005,
    -10.092500000000001,
    -10.565999999999999,
    -6.8405000000000005,
    -10.092500000000001,
    -10.565999999999999,
    -6.8405000000000005,
    -10.092500000000001,
    -10.565999999999999,
    -6.8405000000000005,
    -10.092500000000001,
    -10.565999999999999,
    -6.8405000000000005,
    -10.092500000000001,
    -10.565999999999999,
    -6.8405000000000005,
    -10.092500000000001,
    -10.565999999999999,
    -6.8405000000000005,
    -10.092500000000001,
    -10.565999999999999,
    -6.8405000000000005,
    -10.092500000000001,
    -10.565999999999999,
    -6.8405000000000005,
    -10.092500000000001,
    -10.565999999999999,
    -6.8405000000000005,
    -10.092500000000001,
    -10.565999999999999
  ],
  "trained_rewards": [
    3.574,
    4.2,
    7.41,
    3.574,
    4.2,
    7.41,
    3.574,
    4.2,
    7.41,
    3.574,
    4.2,
    7.41,
    3.574,
    4.2,
    7.41,
    3.574,
    4.2,
    7.41,
    3.574,
    4.2,
    7.41,
    3.574,
    4.2,
    7.41,
    3.574,
    4.2,
    7.41,
    3.574,
    4.2,
    7.41,
    3.574,
    4.2,
    7.41,
    3.574,
    4.2,
    7.41,
    3.574,
    4.2,
    7.41,
    3.574,
    4.2,
    7.41,
    3.574,
    4.2,
    7.41,
    3.574,
    4.2,
    7.41,
    3.574,
    4.2
  ],
  "baseline_violations_per_episode": [
    1,
    2,
    1,
    1,
    2,
    1,
    1,
    2,
    1,
    1,
    2,
    1,
    1,
    2,
    1,
    1,
    2,
    1,
    1,
    2,
    1,
    1,
    2,
    1,
    1,
    2,
    1,
    1,
    2,
    1,
    1,
    2,
    1,
    1,
    2,
    1,
    1,
    2,
    1,
    1,
    2,
    1,
    1,
    2,
    1,
    1,
    2,
    1,
    1,
    2
  ],
  "trained_violations_per_episode": [
    0,
    0,
    0,
    0,
    0,
    0,
    0,
    0,
    0,
    0,
    0,
    0,
    0,
    0,
    0,
    0,
    0,
    0,
    0,
    0,
    0,
    0,
    0,
    0,
    0,
    0,
    0,
    0,
    0,
    0,
    0,
    0,
    0,
    0,
    0,
    0,
    0,
    0,
    0,
    0,
    0,
    0,
    0,
    0,
    0,
    0,
    0,
    0,
    0,
    0
  ],
  "completion_rate_trained": 100.0,
  "before_vs_after": [
    {
      "metric": "avg_reward",
      "baseline": -9.2129,
      "trained": 5.0144
    },
    {
      "metric": "safety_violations_per_episode",
      "baseline": 1.34,
      "trained": 0.0
    },
    {
      "metric": "completion_rate_percent",
      "baseline": 0.0,
      "trained": 100.0
    }
  ]
}