{
  "episodes": 50,
  "seed": 42,
  "baseline_rewards": [
    1.4164999999999999,
    1.275,
    -9.196,
    1.4164999999999999,
    1.275,
    -9.196,
    1.4164999999999999,
    1.275,
    -9.196,
    1.4164999999999999,
    1.275,
    -9.196,
    1.4164999999999999,
    1.275,
    -9.196,
    1.4164999999999999,
    1.275,
    -9.196,
    1.4164999999999999,
    1.275,
    -9.196,
    1.4164999999999999,
    1.275,
    -9.196,
    1.4164999999999999,
    1.275,
    -9.196,
    1.4164999999999999,
    1.275,
    -9.196,
    1.4164999999999999,
    1.275,
    -9.196,
    1.4164999999999999,
    1.275,
    -9.196,
    1.4164999999999999,
    1.275,
    -9.196,
    1.4164999999999999,
    1.275,
    -9.196,
    1.4164999999999999,
    1.275,
    -9.196,
    1.4164999999999999,
    1.275,
    -9.196,
    1.4164999999999999,
    1.275
  ],
  "trained_rewards": [
    -4.862500000000002,
    4.216,
    7.4879999999999995,
    3.51,
    4.216,
    7.4879999999999995,
    3.51,
    4.216,
    7.4879999999999995,
    3.51,
    4.216,
    7.4879999999999995,
    3.51,
    4.216,
    7.4879999999999995,
    3.51,
    4.216,
    7.4879999999999995,
    3.51,
    4.216,
    7.4879999999999995,
    3.51,
    4.216,
    7.4879999999999995,
    3.51,
    4.216,
    7.4879999999999995,
    3.51,
    4.216,
    7.4879999999999995,
    3.51,
    4.216,
    -2.8025,
    3.51,
    4.216,
    -2.8025,
    3.51,
    4.216,
    -2.8025,
    3.51,
    4.216,
    -2.8025,
    3.51,
    4.216,
    -2.8025,
    3.51,
    4.216,
    -2.8025,
    -4.788500000000002,
    4.216
  ],
  "baseline_violations": [
    2,
    3,
    5,
    2,
    3,
    5,
    2,
    3,
    5,
    2,
    3,
    5,
    2,
    3,
    5,
    2,
    3,
    5,
    2,
    3,
    5,
    2,
    3,
    5,
    2,
    3,
    5,
    2,
    3,
    5,
    2,
    3,
    5,
    2,
    3,
    5,
    2,
    3,
    5,
    2,
    3,
    5,
    2,
    3,
    5,
    2,
    3,
    5,
    2,
    3
  ],
  "trained_violations": [
    1,
    0,
    0,
    0,
    0,
    0,
    0,
    0,
    0,
    0,
    0,
    0,
    0,
    0,
    0,
    0,
    0,
    0,
    0,
    0,
    0,
    0,
    0,
    0,
    0,
    0,
    0,
    0,
    0,
    0,
    0,
    0,
    1,
    0,
    0,
    1,
    0,
    0,
    1,
    0,
    0,
    1,
    0,
    0,
    1,
    0,
    0,
    1,
    1,
    0
  ],
  "completion_rate_trained": 84.0
}