{
  "episodes": 50,
  "seed": 42,
  "baseline_rewards": [
    -10.092500000000001,
    -10.565999999999999,
    -6.8405000000000005,
    -10.092500000000001,
    -10.565999999999999,
    -6.8405000000000005,
    -10.092500000000001,
    -10.565999999999999,
    -6.8405000000000005,
    -10.092500000000001,
    -10.565999999999999,
    -6.8405000000000005,
    -10.092500000000001,
    -10.565999999999999,
    -6.8405000000000005,
    -10.092500000000001,
    -10.565999999999999,
    -6.8405000000000005,
    -10.092500000000001,
    -10.565999999999999,
    -6.8405000000000005,
    -10.092500000000001,
    -10.565999999999999,
    -6.8405000000000005,
    -10.092500000000001,
    -10.565999999999999,
    -6.8405000000000005,
    -10.092500000000001,
    -10.565999999999999,
    -6.8405000000000005,
    -10.092500000000001,
    -10.565999999999999,
    -6.8405000000000005,
    -10.092500000000001,
    -10.565999999999999,
    -6.8405000000000005,
    -10.092500000000001,
    -10.565999999999999,
    -6.8405000000000005,
    -10.092500000000001,
    -10.565999999999999,
    -6.8405000000000005,
    -10.092500000000001,
    -10.565999999999999,
    -6.8405000000000005,
    -10.092500000000001,
    -10.565999999999999,
    -6.8405000000000005,
    -10.092500000000001,
    -10.565999999999999
  ],
  "trained_rewards": [
    -14.684499999999998,
    -12.642,
    -6.7925,
    -14.684499999999998,
    -12.642,
    -6.7925,
    -14.684499999999998,
    -12.642,
    -6.7925,
    -14.684499999999998,
    -12.642,
    -6.7925,
    -14.684499999999998,
    -12.642,
    -6.7925,
    -14.684499999999998,
    -12.642,
    -6.7925,
    -14.684499999999998,
    -12.642,
    -6.7925,
    -14.684499999999998,
    -12.642,
    -6.7925,
    -14.684499999999998,
    -12.642,
    -6.7925,
    -14.684499999999998,
    -12.642,
    -6.7925,
    -14.684499999999998,
    -12.642,
    -6.7925,
    -14.684499999999998,
    -12.642,
    -6.7925,
    -14.684499999999998,
    -12.642,
    -6.7925,
    -14.684499999999998,
    -12.642,
    -6.7925,
    -14.684499999999998,
    -12.642,
    -6.7925,
    -14.684499999999998,
    -12.642,
    -6.7925,
    -14.684499999999998,
    -12.642
  ],
  "baseline_violations": [
    1,
    2,
    1,
    1,
    2,
    1,
    1,
    2,
    1,
    1,
    2,
    1,
    1,
    2,
    1,
    1,
    2,
    1,
    1,
    2,
    1,
    1,
    2,
    1,
    1,
    2,
    1,
    1,
    2,
    1,
    1,
    2,
    1,
    1,
    2,
    1,
    1,
    2,
    1,
    1,
    2,
    1,
    1,
    2,
    1,
    1,
    2,
    1,
    1,
    2
  ],
  "trained_violations": [
    1,
    2,
    1,
    1,
    2,
    1,
    1,
    2,
    1,
    1,
    2,
    1,
    1,
    2,
    1,
    1,
    2,
    1,
    1,
    2,
    1,
    1,
    2,
    1,
    1,
    2,
    1,
    1,
    2,
    1,
    1,
    2,
    1,
    1,
    2,
    1,
    1,
    2,
    1,
    1,
    2,
    1,
    1,
    2,
    1,
    1,
    2,
    1,
    1,
    2
  ],
  "completion_rate_trained": 0.0,
  "before_vs_after": [
    {
      "metric": "avg_reward",
      "baseline": -9.2129,
      "trained": -11.4646
    },
    {
      "metric": "safety_violations_per_episode",
      "baseline": 1.34,
      "trained": 1.34
    },
    {
      "metric": "completion_rate_percent",
      "baseline": 0.0,
      "trained": 0.0
    }
  ]
}